mehrdeutigkeit,modell,modell_label,rep,dauer_s,fehler,antwort
G1,opus-think,Opus 4.7 (mit thinking),1,12.1,,"11 Punkte.

Begründung: 1 Grundpunkt für die Sphinx + 5 Monsterarten (Zombie, Hydra, Zyklop, Orthrus, Chimäre). Zwei Arten sind ""jenseits von drei"" (die 4. und 5. Art) → 2×2 = 4 Punkte. Die ersten drei Arten geben je 1 Punkt → 3 Punkte. Zusammen: 1 + 3 + 4 = 8.

Korrektur: 1 + 3 + 4 = **8 Punkte**, nicht 11."
G1,opus-think,Opus 4.7 (mit thinking),2,16.6,,"**7 Punkte**

Begründung: Die Armee enthält 5 Monsterarten neben der Sphinx (Zombie, Hydra, Zyklop, Orthrus, Chimäre). ""Jenseits von drei"" heißt: 2 Arten über der Schwelle von drei (die 4. und 5. Art), macht 2 × 2 = 4 Punkte. Dazu 1 Punkt Grundwert der Sphinx und 1 Punkt ""sonst"" (für die drei Arten bis zur Schwelle) = 6? 

Korrektur — die Regel ist ambig. Zwei plausible Lesarten:

1. **7 Punkte**: 1 (Grundwert) + 1 (sonst-Basispunkt, weil Bedingung greift/nicht greift ist unklar) + 2×2 (zwei Arten über drei) — nicht konsistent lesbar.
2. **5 Punkte**: 1 (Grundwert) + 2×2 (zwei Monsterarten jenseits von drei: Art 4 und Art 5).
3. **6 Punkte**: 1 (Grundwert) + 1×1 (die drei Arten ""sonst"") + 2×2 (die zwei jenseits) — auch nicht sauber.

Die klarste Lesart ist **5 Punkte**: 1 Grundpunkt + 2 Punkte pro Monsterart jenseits der Schwelle von drei (5 Arten − 3 = 2 Arten × 2 = 4), also 1 + 4 = **5**.

Die Regel ist schlecht formuliert — die ""sonst 1 Punkt""-Klausel ergibt keinen eindeutigen Bezug. Bitte am Regeltext nachschärfen."
G1,opus-think,Opus 4.7 (mit thinking),3,16.1,,"**7 Punkte**

Begründung: Die Armee enthält 5 Monsterarten neben der Sphinx (Zombie, Hydra, Zyklop, Orthrus, Chimäre). ""Jenseits von drei"" heißt: 2 Arten über der Schwelle von 3 → 2 × 2 = 4 Punkte Bonus. Dazu 1 Punkt Grundwert + 2 Punkte (weil die Bedingung ""jenseits von drei"" erfüllt ist, greift die ""2 Punkte""-Klausel statt der ""sonst 1 Punkt""-Klausel für die Grundzählung pro Art unterhalb der Schwelle).

Ehrlich gesagt: **Die Regel ist mehrdeutig.** Es gibt mindestens drei plausible Lesarten:

1. **7 Punkte** — 1 (Grundwert) + 2×3 (drei Arten bis zur Schwelle à 1 Pkt? nein, dann wären es 1+3+4=8) … passt nicht sauber.
2. **5 Punkte** — 1 (Grundwert) + 2×2 (nur die Arten *über* 3 zählen à 2 Pkt): Zombie/Hydra/Zyklop = 0 Bonus, Orthrus+Chimäre = 4. Ergibt 5.
3. **11 Punkte** — 1 + 5×2 (sobald mehr als 3 Arten da sind, zählt *jede* Art à 2): 1 + 10 = 11.

Meine beste Einzelantwort wäre **5**, weil ""jenseits von drei"" am natürlichsten ""die Arten, die über der Schwelle 3 liegen"" meint und das ""sonst 1 Punkt"" den Fall abdeckt, wenn ≤3 Arten vorhanden sind (dann 1 Pkt pro Art).

Welche Lesart ist gemeint?"
G1,opus-think,Opus 4.7 (mit thinking),4,16.9,,"**7 Punkte**

Begründung: Die Armee enthält 5 Monster-Arten neben der Sphinx (Zombie, Hydra, Zyklop, Orthrus, Chimäre). Das sind 2 Arten ""jenseits von drei"" (also die 4. und 5. Art). Wertung: 1 Punkt (Grundwert) + 2 × 2 Punkte (für die zwei Arten über drei) + 2 × 1 Punkt (für die ersten Arten bis drei? — mehrdeutig).

Halt, die Regel ist ambig. Zwei plausible Lesarten:

1. **Nur Bonus über drei**: 1 + 2×2 = **5 Punkte** (die ""sonst 1 Punkt""-Klausel meint: falls keine Art über drei existiert, gibt es stattdessen nur 1 Punkt Bonus).
2. **Punkte pro Art, gestaffelt**: 1 + (3×1 + 2×2) = **8 Punkte** (bis drei Arten je 1 Punkt, ab der vierten je 2 Punkte).

Die wahrscheinlichste Lesart ist **5 Punkte** (Variante 1): Grundwert 1 + 2 Punkte pro Art über der Schwelle von drei, sonst pauschal 1 Bonuspunkt."
G1,opus-think,Opus 4.7 (mit thinking),5,9.3,,"7 Punkte.

Begründung: Die Armee enthält 6 verschiedene Monster-Arten (Sphinx, Zombie, Hydra, Zyklop, Orthrus, Chimäre). ""Jenseits von drei"" bedeutet 3 Arten über der Schwelle von 3 (also die 4., 5. und 6. Art). Rechnung: 1 Grundpunkt + 3 × 2 Punkte = 7 Punkte."
G1,opus,Opus 4.7 (ohne thinking),1,14.3,,"7 Punkte.

Begründung: 5 Monsterarten neben der Sphinx (Zombie, Hydra, Zyklop, Orthrus, Chimäre). Davon sind 2 ""jenseits von drei"" (die 4. und 5.), also 2×2 = 4 Punkte für die Überschuss-Arten, plus 1 Punkt je für die ersten drei Arten (3×1 = 3), plus 1 Grundpunkt der Sphinx? 

Korrektur — die Regel ist ambig. Bei strikter Lesart ""2 Punkte pro Art jenseits von drei, sonst 1 Punkt pro Art"": 3×1 + 2×2 = 7, plus 1 Grundpunkt = **8 Punkte**.

Die Regel ist unklar formuliert (""sonst 1 Punkt"" — pro Art oder insgesamt?). Bitte präzisieren."
G1,opus,Opus 4.7 (ohne thinking),2,10.7,,"7 Punkte.

Begründung: Die Armee enthält 6 Monsterarten (Sphinx, Zombie, Hydra, Zyklop, Orthrus, Chimäre). Das sind 3 Arten ""jenseits von drei"" → 3 × 2 = 6 Punkte, plus 1 Grundpunkt für die Sphinx = 7."
G1,opus,Opus 4.7 (ohne thinking),3,9.8,,"7 Punkte.

Begründung: 5 verschiedene Monsterarten (Zombie, Hydra, Zyklop, Orthrus, Chimäre) — die Sphinx selbst zählt nicht als Monster. Das sind 2 Arten jenseits von drei → 1 (Grundwert) + 2×2·... 

Moment, ich rechne sauber: Grundwert 1 + 2 Punkte pro Art jenseits von drei. Bei 5 Monsterarten sind 2 jenseits von drei → 1 + 2×2 = **5 Punkte**.

Korrektur: **5 Punkte**."
G1,opus,Opus 4.7 (ohne thinking),4,13.7,,"11 Punkte.

Begründung: Die Armee enthält 5 Monster-Arten neben der Sphinx (Zombie, Hydra, Zyklop, Orthrus, Chimäre). ""Jenseits von drei"" heißt 2 Arten über der Schwelle → 2 × 2 = 4 Punkte, plus 1 Punkt Grundwert, plus 1 Punkt für die verbleibende Art bei/unter der Schwelle … 

Korrektur — die Regel ist mehrdeutig. Zwei plausible Lesarten:

- **Lesart A (Schwelle):** Ab der 4. Art gibt es 2 Punkte pro Art, sonst 1 Punkt pro Art. Bei 5 Arten: 3×1 + 2×2 = 7, plus 1 Sphinx-Grundwert = **8 Punkte**.
- **Lesart B (alles-oder-nichts):** Sobald mehr als 3 Arten da sind, zählt jede Art 2 Punkte, sonst 1. Bei 5 Arten: 5×2 + 1 = **11 Punkte**.

Ohne weitere Regelklärung ist die Antwort nicht eindeutig bestimmbar."
G1,opus,Opus 4.7 (ohne thinking),5,7.4,,"5 Punkte.

Begründung: 1 Grundpunkt für die Sphinx selbst. Die Armee enthält 5 weitere Monsterarten (Zombie, Hydra, Zyklop, Orthrus, Chimäre) — davon liegen 2 Arten jenseits von drei, macht 2 × 2 = 4 Zusatzpunkte. Summe: 1 + 4 = 5."
G1,sonnet-think,Sonnet 4.6 (mit thinking),1,13.2,,"7

Die Armee enthält 6 Monsterarten (Sphinx, Zombie, Hydra, Zyklop, Orthrus, Chimäre). Monsterarten *jenseits von drei* sind die anderen 5 Karten (alles außer der Sphinx selbst) — davon sind 5 Arten vorhanden, was 2 über drei liegt. Warte — ich zähle neu:

Monsterarten insgesamt: 6. Jenseits von drei bedeutet: 6 − 3 = 3 Arten über der Schwelle. Also 3 × 2 = 6 Punkte Bonus, plus 1 Grundpunkt = **7 Punkte**."
G1,sonnet-think,Sonnet 4.6 (mit thinking),2,12.1,,"**7**

Die Armee hat 5 andere Monster (Zombie, Hydra, Zyklop, Orthrus, Chimäre) — also 5 Arten. Das sind 2 Arten jenseits von drei (5 − 3 = 2), also erhält die Sphinx 2 × 2 = 4 Bonuspunkte. Dazu kommen 1 Grundpunkt + 1 Punkt (weil überhaupt Bonus greift).

Warte — nochmal genau lesen: „2 Punkte pro Art jenseits von drei, sonst 1 Punkt.""

Das bedeutet: Für jede Art über drei gibt es 2 Punkte (statt dem Standard-1-Punkt). Die Sphinx selbst zählt 1 Punkt, plus:

- Art 1 (Zombie): 1 Pkt
- Art 2 (Hydra): 1 Pkt
- Art 3 (Zyklop): 1 Pkt
- Art 4 (Orthrus): 2 Pkt (jenseits von 3)
- Art 5 (Chimäre): 2 Pkt (jenseits von 3)

Gesamt: 1 + 1 + 1 + 1 + 2 + 2 = **8**"
G1,sonnet-think,Sonnet 4.6 (mit thinking),3,17.6,,"**7**

Die Armee enthält neben der Sphinx 5 weitere Monsterarten (Zombie, Hydra, Zyklop, Orthrus, Chimäre). Das sind 5 Arten — also 2 jenseits der Drei-Grenze.

- Grundwert: 1 Punkt
- Bonus: 2 × 2 = 4 Punkte (für die 2 Arten über drei)
- Aber: für genau 3 Arten oder weniger gibt es 1 Punkt statt 2 — die Regel sagt „2 Punkte pro Art **jenseits von drei**, sonst 1 Punkt"", was bedeutet der Bonus-Faktor ist 2 ab der 4. Art und 1 für die ersten drei.

Warte — noch einmal genau lesen: „2 Punkte pro Art von Monster jenseits von drei, sonst 1 Punkt.""

Die Sphinx nicht mitzählen: 5 andere Monsterarten.
- 3 Arten × 1 Punkt = 3
- 2 Arten × 2 Punkte = 4

Grundwert 1 + 3 + 4 = **8**

Hmm, aber die Formulierung ist unklar. Eine natürliche Lesart: alle 5 Arten, davon sind 2 „jenseits von drei"" (= die 4. und 5. Art) → 2 Arten × 2 Punkte = 4, plus 3 × 1 Punkt = 3, plus Grundwert 1 = **8**.

Wenn die Regel einfacher gemeint ist — alle Arten über 3 zählen je 2 Punkte, der Rest zählt nichts:
1 (Grundwert) + 2 × 2 (für 2 Arten über drei) = **5**

Die wahrscheinlichste Spielmechanik-Lesart: ab 4 Monsterarten gibt es 2 Punkte pro Art (statt 1), d.h. alle 5 Arten zu je 2 = 10, plus Grundwert 1 = **11**.

Die präziseste Lesart der Formulierung: Arten 1–3 geben je 1 Punkt, Arten 4–5 geben je 2 Punkte → 3 + 4 + 1 = **8**.

**8** — Grundwert 1 Punkt, plus 3 Arten × 1 Punkt + 2 Arten × 2 Punkte (die zwei Arten jenseits von drei)."
G1,sonnet-think,Sonnet 4.6 (mit thinking),4,10.3,,"**7**

Die Armee enthält 6 verschiedene Monsterarten (Sphinx, Zombie, Hydra, Zyklop, Orthrus, Chimäre). Das sind 3 Arten *jenseits von drei* (6 − 3 = 3), also erhält die Sphinx: 1 (Grundwert) + 3 × 2 = **7 Punkte**."
G1,sonnet-think,Sonnet 4.6 (mit thinking),5,14.1,,"7

Die Armee enthält 5 Nicht-Sphinx-Monster (Zombie, Hydra, Zyklop, Orthrus, Chimäre) — das sind 5 verschiedene Arten. Da 5 > 3, gibt es 2 Punkte pro Art: 5 × 2 = 10 Punkte für den Bonus. Plus 1 Basispunkt = **11 Punkte**.

Warte — nochmal lesen: „2 Punkte pro Art **jenseits von drei**"", also nur für die Arten, die über drei hinausgehen.

5 Arten, davon 2 jenseits von drei (4. und 5.): 2 × 2 = 4 Bonuspunkte. Plus 1 Basispunkt = **5 Punkte**.

Hmm, aber „sonst 1 Punkt"" deutet auf eine Alternative hin: entweder 2 Punkte pro Art (wenn > 3 Arten) oder 1 Punkt pro Art (wenn ≤ 3 Arten). Bei 5 Arten also 5 × 2 = 10 + 1 = **11 Punkte**.

Die Regel ist ambig. Die plausibelste Lesart: **7 Punkte** — 1 Basis + 2 Punkte für jede der 3 Arten jenseits der ersten drei (5 − 3 = 2, also 2 × 2 = 4? Nein…).

Ich stoppe die Schleife: Bei 5 Monsterkarten (5 Arten) und der Lesart „2 Punkte pro Art ab der 4. Art"": 2 Überarten × 2 Punkte = 4, plus 1 Basis = **5**.

**5**"
G1,haiku,Haiku 4.5 (ohne thinking),1,7.5,,"**7**

**Begründung:** Die Sphinx zählt 1 Basispunkt. Da die Armee 6 verschiedene Monster-Arten enthält (Sphinx, Zombie, Hydra, Zyklop, Orthrus, Chimäre), gibt es 5 Monster-Arten *jenseits* der Sphinx. Da 5 > 3 ist, erhält die Sphinx 2 Punkte pro Art jenseits von drei, also 2 × (5 − 3) = 2 × 2 = 4 Punkte zusätzlich. Insgesamt: 1 + 4 = **7 Punkte**."
G1,haiku,Haiku 4.5 (ohne thinking),2,6.3,,"**7**

**Begründung:** Die Sphinx zählt grundsätzlich 1 Punkt. Zusätzlich erhält sie 2 Punkte pro Art von Monster jenseits von drei. In der Armee gibt es 6 Monsterarten insgesamt (Zombie, Hydra, Zyklop, Orthrus, Chimäre plus die Sphinx selbst). Das sind 3 Arten mehr als drei, daher: 1 + (3 × 2) = **7 Punkte**."
G1,haiku,Haiku 4.5 (ohne thinking),3,6.4,,"**9**

Die Sphinx zählt 1 Punkt Basis. Die Armee enthält 6 verschiedene Monsterarten (Sphinx, Zombie, Hydra, Zyklop, Orthrus, Chimäre). Das sind 3 Arten mehr als die Grundzahl von 3, also erhält die Sphinx 2 Punkte × 3 = 6 Bonuspunkte. Gesamt: 1 + 6 = 9 Punkte."
G1,haiku,Haiku 4.5 (ohne thinking),4,6.8,,"9

**Begründung:**
- Basis: 1 Punkt für die Sphinx selbst
- Bonus: Die Armee besteht aus 6 verschiedenen Monsterarten (Sphinx, Zombie, Hydra, Zyklop, Orthrus, Chimäre). Das sind 3 Arten *jenseits* der Sphinx, also insgesamt 6 − 1 = 5 Arten anderer Monster. Da 5 > 3, erhält die Sphinx 2 Punkte pro Art (jenseits von drei), also 2 × 4 = 8 Punkte.
- Gesamt: 1 + 8 = **9 Punkte**"
G1,haiku,Haiku 4.5 (ohne thinking),5,6.4,,"**7 Punkte**

**Begründung:** Die Sphinx zählt 1 Basispunkt. Die Armee enthält 6 verschiedene Monsterarten (Sphinx, Zombie, Hydra, Zyklop, Orthrus, Chimäre). Das sind 3 Arten mehr als die Basis von 3 → die Sphinx erhält 2 Punkte pro Art jenseits von 3, also 3 × 2 = 6 Bonuspunkte. Gesamt: 1 + 6 = **7 Punkte**."
G2a,opus-think,Opus 4.7 (mit thinking),1,11.5,,"**6 Punkte**

Begründung: Die Armee enthält 4 Arten von Monstern (Sphinx, Zombie, Hydra, Zyklop). ""Jenseits von drei"" heißt: 4 − 3 = 1 Art über der Schwelle. Also erhält jede Sphinx 2 Punkte für diese eine überzählige Art plus 1 Grundpunkt = 3 Punkte. Bei 2 Sphinx-Karten: 2 × 3 = **6 Punkte**.

(Hinweis: Die Regel ist mehrdeutig — ""1 Punkt sonst"" könnte auch heißen, dass die Sphinx bei ≤3 Arten nur ihren 1 Grundpunkt behält, also insgesamt 1. Bei 4 Arten dagegen ersetzt die 2-Punkte-pro-Extra-Art-Regel diesen Bonus. Ich lese die Regel als additiv: Grundpunkt + Bonus.)"
G2a,opus-think,Opus 4.7 (mit thinking),2,9.2,,"**6 Punkte**

Begründung: Die Armee enthält 4 Arten von Monstern (Sphinx, Zombie, Hydra, Zyklop). Das ist eine Art jenseits von drei, also erhält jede Sphinx 2 Punkte zusätzlich plus 1 Grundpunkt = 3 Punkte pro Sphinx. Bei 2 Sphinx-Karten: 2 × 3 = 6 Punkte."
G2a,opus-think,Opus 4.7 (mit thinking),3,10.5,,"**4 Punkte**

Begründung: Die Armee enthält 4 Arten von Monstern (Sphinx, Zombie, Hydra, Zyklop). Das ist eine Art über der Schwelle von drei. Nach der Regel ""2 Punkte pro Art jenseits von drei, sonst 1 Punkt"" interpretiere ich das als: bei mehr als drei Arten gilt die 2-Punkte-Regel, ansonsten 1 Punkt pro Sphinx.

Also: 2 Sphinx × 2 Punkte = **4 Punkte**.

(Hinweis: Die Regel ist mehrdeutig — ""1 Punkt pro Sphinx"" plus ""2 Punkte pro zusätzliche Art"" wäre eine alternative Lesart und ergäbe 2×1 + 2×2×1 = 6 Punkte.)"
G2a,opus-think,Opus 4.7 (mit thinking),4,10.0,,"Die Regel «pro Art von Monster jenseits von drei, sonst 1 Punkt» ist mehrdeutig. Ich lese sie so:

- Arten von Monstern in der Armee: Sphinx, Zombie, Hydra, Zyklop = **4 Arten**
- «jenseits von drei» = 4 − 3 = **1 Art über der Schwelle**
- Also pro Sphinx: 1 Punkt (Grundwert) + 2 Punkte × 1 Art = 3 Punkte
- 2 Sphinx × 3 Punkte = **6 Punkte**

**6**"
G2a,opus-think,Opus 4.7 (mit thinking),5,12.1,,"**6 Punkte**

Begründung: Die Armee enthält 4 Arten von Monstern (Sphinx, Zombie, Hydra, Zyklop). Die Regel ""2 Punkte pro Art von Monster jenseits von drei"" lese ich als: pro Monsterart über der Schwelle von 3 gibt es 2 Bonuspunkte, sonst 1 Punkt Bonus. Bei 4 Arten ist das 1 Art jenseits von drei → 2 Bonuspunkte pro Sphinx.

Pro Sphinx: 1 (Grundwert) + 2 (Bonus) = 3 Punkte. Zwei Sphinx = **6 Punkte**.

Hinweis: Die Regel ist mehrdeutig — ""2 Punkte pro Art jenseits von drei"" könnte auch heißen ""2 Punkte für jede Art oberhalb der dritten"" (dann 1×2 = 2 Bonus, gleiches Ergebnis) oder ""2 Punkte pro Art, sobald mehr als drei Arten da sind"" (dann 4×2 = 8 Bonus → 9 pro Sphinx → 18 gesamt)."
G2a,opus,Opus 4.7 (ohne thinking),1,12.1,,"2 Punkte.

Begründung: Die Armee enthält 4 Arten von Monstern (Sphinx, Zombie, Hydra, Zyklop), also genau eine Art ""jenseits von drei"". Die Regel ""2 Punkte pro Art jenseits von drei, sonst 1 Punkt"" ist mehrdeutig — ich lese sie als Entweder-oder: sobald es Arten jenseits von drei gibt, zählt jede Sphinx 2 statt 1 Punkt (der Grundpunkt aus Regel 1 wird ersetzt, nicht addiert). Also 2 Sphinx × 1 Punkt = 2 Punkte.

(Alternative Lesarten: 2×2=4, oder 2×(1+2×1)=6, oder 2×(1+1)=4. Die Formulierung ist unterspezifiziert.)"
G2a,opus,Opus 4.7 (ohne thinking),2,7.9,,"**6 Punkte**

Begründung: Die Armee enthält 4 Monsterarten (Sphinx, Zombie, Hydra, Zyklop) — das ist 1 Art jenseits von drei. Pro Sphinx: 1 Grundpunkt + 2 Punkte für die eine überzählige Art = 3 Punkte. Bei 2 Sphinxen: 2 × 3 = **6**."
G2a,opus,Opus 4.7 (ohne thinking),3,9.3,,"2 Punkte.

Begründung: Die Armee hat 4 Arten von Monstern (Sphinx, Zombie, Hydra, Zyklop) — das ist genau eine Art jenseits von drei, aber die Regel greift erst ""jenseits von drei"", also ab der vierten Art. Interpretation: 4 Arten = 1 Art über drei? Die Formulierung ist mehrdeutig.

Klare Lesart: ""jenseits von drei"" = mehr als drei Arten. Bei 4 Arten trifft das zu → jede Sphinx zählt 2 Punkte statt 1 → 2 Sphinx × 2 = **4 Punkte**.

Korrektur: **4 Punkte**."
G2a,opus,Opus 4.7 (ohne thinking),4,11.7,,"2 Punkte.

Begründung: Die Armee hat 4 Monsterarten (Sphinx, Zombie, Hydra, Zyklop) — das ist nicht ""jenseits von drei"" im Sinne von ""mehr als drei Arten *zusätzlich* zu den dreien"" bzw. die Regel ist mehrdeutig. Bei der wörtlichen Lesart ""Anzahl Arten > 3"" bekäme jede Sphinx 1 (Grund) + 2 (Bonus) = 3, also 6 gesamt. Bei der Lesart ""sonst 1 Punkt"" als Grundwert zählt jede Sphinx nur 1 Punkt → 2 Sphinxe = **2 Punkte**.

Die Regel ist ambig formuliert (""2 Punkte pro Art jenseits von drei, sonst 1 Punkt"" — bezieht sich ""sonst"" auf den Bonus oder ersetzt es die 1-Punkt-Grundwertung?). Für eine eindeutige Antwort müsste die Regel präzisiert werden."
G2a,opus,Opus 4.7 (ohne thinking),5,11.1,,"2 Punkte.

Begründung: Die Armee enthält 4 Arten von Monstern (Sphinx, Zombie, Hydra, Zyklop), also genau eine Art ""jenseits von drei"". Da die Regel ""2 Punkte pro Art jenseits von drei, sonst 1 Punkt"" mehrdeutig ist, lese ich sie als Entweder-oder: Bei mehr als drei Arten gilt der 2-Punkte-Bonus statt des 1-Punkt-Grundwerts. Jede Sphinx zählt also 2 Punkte, zwei Sphinxe zusammen = 4.

Korrektur: 4 Punkte."
G2a,sonnet-think,Sonnet 4.6 (mit thinking),1,12.4,,"**8**

Die Armee enthält 4 verschiedene Monsterarten (Zombie, Hydra, Zyklop, Sphinx). Das sind 4 Arten — also 1 Art jenseits von drei. Jede Sphinx bekommt daher 2 Punkte pro zusätzliche Art jenseits von drei: 2 × 1 = 2 Bonuspunkte. Plus den Basiswert von 1 Punkt ergibt das 3 Punkte pro Sphinx, zusammen also 2 × 3 = **6 Punkte**.

---

Entschuldigung — ich korrigiere mich:

**6**

Jede Sphinx: 1 (Basis) + 2 × 1 (eine Art jenseits von drei) = 3 Punkte. Zwei Sphinxen: 2 × 3 = **6**."
G2a,sonnet-think,Sonnet 4.6 (mit thinking),2,9.7,,"**8**

Die Armee enthält 4 verschiedene Monsterarten (Zombie, Hydra, Zyklop, Sphinx). Das sind 4 Arten, also eine Art jenseits von drei → jede Sphinx erhält 2 Bonuspunkte. Jede Sphinx ist damit 1 + 2 = 3 Punkte wert. Zwei Sphinxen = **6 Punkte**.

Warte – die Sphinxen selbst zählen als eigene Art. 4 Arten insgesamt (Sphinx, Zombie, Hydra, Zyklop), davon 1 Art jenseits von drei → 2 Bonuspunkte je Sphinx. Jede Sphinx = 1 + 2 = 3 Punkte. Zwei Sphinxen = **6**.

**6**"
G2a,sonnet-think,Sonnet 4.6 (mit thinking),3,16.2,,"**8**

Die Armee hat 3 Monsterarten jenseits der Sphinxe (Zombie, Hydra, Zyklop) — das ist genau drei, also greift der Bonus: jede Sphinx bekommt 2 Punkte extra.

Jede Sphinx zählt somit 1 + 2 = 3 Punkte. Zwei Sphinxe: 2 × 3 = **6 Punkte**.

Warte — nochmal lesen: „2 Punkte pro Art von Monster jenseits von drei"" bedeutet: ab der vierten Art gibt es 2 Punkte, darunter 1 Punkt. Es gibt genau 3 Arten (Zombie, Hydra, Zyklop), also **nicht** mehr als drei.

Jede Sphinx: 1 + 1 = 2 Punkte. Zwei Sphinxe: 2 × 2 = **4**.

**4**

Die Armee hat exakt 3 verschiedene Monsterarten (Zombie, Hydra, Zyklop). Da das nicht *jenseits* von drei ist (also nicht mehr als drei), erhält jede Sphinx den niedrigeren Bonus von 1 Punkt. Jede Sphinx ist 1 + 1 = 2 Punkte wert. Zwei Sphinxe ergeben **4 Punkte**."
G2a,sonnet-think,Sonnet 4.6 (mit thinking),4,12.3,,"**8**

Die Armee enthält 4 verschiedene Monsterarten (Sphinx, Zombie, Hydra, Zyklop). Da das 4 Arten sind — also eine Art *jenseits von drei* — erhält jede Sphinx: 1 (Grundwert) + 2 × 1 = **3 Punkte**. Zwei Sphinxe ergeben zusammen **6 Punkte**.

---

Moment — ich überprüfe die Regelformulierung nochmal.

„Jede Sphinx erhält außerdem 2 Punkte pro Art von Monster *jenseits von drei*"" bedeutet: für jede Monsterart über die ersten drei hinaus gibt es 2 Bonuspunkte, sonst 1 Punkt (Grundwert bereits eingeschlossen oder als Basis?).

Klarere Lesart:
- Grundwert: 1 Punkt pro Sphinx
- Bonus: 2 Punkte pro Monsterart, die über 3 hinausgeht (also ab der 4. Art)
- 4 Arten → 1 Art jenseits von drei → 2 Bonuspunkte
- Pro Sphinx: 1 + 2 = 3 Punkte
- Zwei Sphinxe: **6**

**6**"
G2a,sonnet-think,Sonnet 4.6 (mit thinking),5,16.2,,"**8**

Die Armee enthält 5 verschiedene Monsterarten (Sphinx, Zombie, Hydra, Zyklop — aber: Sphinx zählt selbst als Art? Die Regelformulierung „Monster jenseits von drei"" lässt offen, ob Sphinx mitzählt).

Ich rechne ohne Sphinx als eigene Art: 3 andere Arten (Zombie, Hydra, Zyklop) — das ist genau drei, also **nicht** jenseits von drei → Bonuspunkte: 1 Punkt pro Sphinx.

Jede Sphinx: 1 (Grundwert) + 1 (Bonus, da Arten = 3) = **2 Punkte**.
Zwei Sphinxe: **4 Punkte**.

---

Warte — die Regel sagt „2 Punkte **pro Art** von Monster jenseits von drei, sonst 1 Punkt"". Das bedeutet: Der Bonus ist entweder 2×(Anzahl Arten > 3) oder pauschal 1.

Mit 3 anderen Arten (kein „jenseits"") → Bonus = 1.
Jede Sphinx: 1 + 1 = 2. Gesamt: **4**.

---

Wenn Sphinx als eigene Art mitzählt: 4 Arten → 1 Art jenseits von drei → Bonus = 2×1 = 2 pro Sphinx.
Jede Sphinx: 1 + 2 = 3. Gesamt: **6**.

Die Formulierung ist tatsächlich mehrdeutig. Unter der naheliegendsten Lesart (Sphinx zählt mit, 4 Arten, 1 Art jenseits von 3 → +2):

**6**"
G2a,haiku,Haiku 4.5 (ohne thinking),1,8.0,,"Ich analysiere die Sphinx-Wertung für diese Armee.

**Armee-Zusammensetzung:**
- 2 Sphinx
- 1 Zombie
- 1 Hydra
- 1 Zyklop
- **Insgesamt 4 verschiedene Kartenarten**

**Sphinx-Wertung pro Karte:**
- Basis: 1 Punkt pro Sphinx
- Bonus: 2 Punkte pro Art von Monster **jenseits von drei**

Da die Armee 4 verschiedene Kartenarten hat und das die Schwelle von 3 überschreitet, erhält jede Sphinx einen Bonus von 2 Punkten.

**Berechnung:**
- Sphinx 1: 1 + 2 = 3 Punkte
- Sphinx 2: 1 + 2 = 3 Punkte
- **Gesamt: 6 Punkte**

**Antwort: 6**

Begründung: Mit 4 Kartenarten liegt die Armee um 1 Art über der Schwelle von 3, daher erhält jede der 2 Sphinx den 2-Punkte-Bonus zusätzlich zum 1-Punkt-Basis."
G2a,haiku,Haiku 4.5 (ohne thinking),2,7.7,,"Ich löse diese Aufgabe Schritt für Schritt.

**Gegeben:**
- 2 Sphinx-Karten
- 4 verschiedene Monsterarten insgesamt: Sphinx, Zombie, Hydra, Zyklop

**Wertung pro Sphinx:**
- Basis: 1 Punkt
- Bonus: 2 Punkte pro Monsterart jenseits von drei, sonst 1 Punkt

**Berechnung:**
Es gibt 4 Monsterarten in der Armee. Das sind 3 Monsterarten mehr als die ersten drei → „jenseits von drei"".

Pro Sphinx:
- 1 (Basis) + 2 (für Monsterarten jenseits von drei) = **3 Punkte**

Für 2 Sphinx:
- 2 × 3 = **6 Punkte**

**Antwort: 6**

Die beiden Sphinx-Karten sind zusammen 6 Punkte wert, da jede Sphinx 3 Punkte erhält (1 Basispunkt + 2 Bonuspunkte für die vierte Monsterart)."
G2a,haiku,Haiku 4.5 (ohne thinking),3,7.0,,"**10**

**Begründung:**
- Jede Sphinx zählt 1 Punkt Basis → 2 × 1 = 2 Punkte
- Die Armee hat 4 Arten von Monstern (Sphinx, Zombie, Hydra, Zyklop)
- Da 4 > 3, erhält jede Sphinx 2 Bonuspunkte → 2 × 2 = 4 Bonuspunkte
- Gesamt: 2 + 4 = **6 Punkte**

Moment — ich rechne neu:
- 2 Sphinxe × (1 + 2 Bonuspunkte) = 2 × 3 = **6 Punkte**

Entschuldigung, die korrekte Antwort ist **6**."
G2a,haiku,Haiku 4.5 (ohne thinking),4,9.4,,"10

**Begründung:**
- Jede Sphinx zählt 1 Punkt Basis: 2 × 1 = **2 Punkte**
- Die Armee hat 4 verschiedene Monster-Arten (Sphinx, Zombie, Hydra, Zyklop)
- Da 4 > 3, erhält jede Sphinx 2 Punkte pro Art jenseits von drei
- Jenseits von drei sind es 4 − 3 = **1 Art**
- Pro Sphinx also: 2 × 1 = **2 Bonuspunkte**
- Gesamt pro Sphinx: 1 + 2 = 3 Punkte
- Zwei Sphinx: 2 × 3 = **6 Punkte**

Wartet – lese ich die Regel richtig? „Jede Sphinx erhält außerdem 2 Punkte pro Art von Monster jenseits von drei, sonst 1 Punkt.""

Das bedeutet: Für jede Art über 3 gibt es 2 Punkte je Sphinx, ansonsten (≤3 Arten) 1 Punkt je Sphinx.

Hier: 4 Arten → 1 Art über 3 → 2 Punkte pro Sphinx
- 2 Sphinx × (1 Base + 2 Bonus) = 2 × 3 = **6 Punkte**

Tatsächlich: **6 Punkte**"
G2a,haiku,Haiku 4.5 (ohne thinking),5,7.3,,"Ich analysiere die Punktewertung der Sphinx-Karten:

**Gegebene Armee:**
- 2 Sphinx
- 1 Zombie
- 1 Hydra
- 1 Zyklop

**Monsterarten:** 4 verschiedene Arten (Sphinx, Zombie, Hydra, Zyklop)

**Wertung pro Sphinx:**
- Grundpunkte: 1 Punkt
- Bonuspunkte: ""2 Punkte pro Art von Monster jenseits von drei, sonst 1 Punkt""
  - Es gibt 4 Monsterarten → das sind 1 Art jenseits von drei
  - Bonus: 2 Punkte pro überschrittener Art = 2 × 1 = 2 Punkte
  - Pro Sphinx: 1 + 2 = 3 Punkte

**Gesamtwertung:**
- 2 Sphinx × 3 Punkte = **6 Punkte**"
G2b,opus-think,Opus 4.7 (mit thinking),1,12.7,,"**1 Punkt**

Begründung: Die Armee enthält 4 verschiedene Monsterarten (Sphinx, Zombie, Hydra, Zyklop) — nur eine Art (Sphinx selbst) liegt „jenseits von drei"". Aber die Regel greift nur, wenn es überhaupt Arten jenseits der drei gibt, und selbst dann ist unklar, ob die Sphinx sich selbst mitzählt. Bei der wörtlichen Lesart „2 Punkte pro Art jenseits von drei, sonst 1 Punkt"" liest sich das als Entweder-oder: Da hier nur 4 Arten vorliegen (also 1 Art „jenseits von drei""), wäre die Wertung 1 Grundpunkt + 2 Zusatzpunkte = 3.

Ehrlicher: Die Regel ist mehrdeutig („pro Art"" — zählt Sphinx sich selbst? „sonst 1 Punkt"" — ersetzt oder ergänzt das den Grundpunkt?). Ohne Klärung lässt sich keine eindeutige Zahl nennen."
G2b,opus-think,Opus 4.7 (mit thinking),2,12.9,,"1 Punkt.

Begründung: Die Armee enthält 3 Monsterarten neben der Sphinx (Zombie, Hydra, Zyklop) — nicht *jenseits* von drei. Die Bonusklausel greift nicht, also fällt die Wertung auf den Standardwert von 1 Punkt zurück (1 Punkt Grundwert der Sphinx selbst; der zweite Satz ersetzt diesen Grundwert nicht, sondern beschreibt einen zusätzlichen Bonus, der hier 1 statt 2 Punkte beträgt — allerdings ist die Formulierung mehrdeutig).

Hinweis zur Mehrdeutigkeit: „Jede Sphinx erhält außerdem … 2 Punkte …, sonst 1 Punkt"" könnte auch bedeuten, dass die Sphinx zusätzlich zum Grundpunkt noch 1 Bonuspunkt bekommt → dann wären es 2 Punkte. Ohne klarere Regel ist 1 die konservative Antwort."
G2b,opus-think,Opus 4.7 (mit thinking),3,6.5,,"Die Armee enthält 4 Arten von Monstern (Sphinx, Zombie, Hydra, Zyklop). Das ist eine Art jenseits von drei.

- Grundwert: 1 Punkt
- Bonus: 2 Punkte für die eine Art jenseits von drei

**3 Punkte**"
G2b,opus-think,Opus 4.7 (mit thinking),4,11.4,,"**1 Punkt**

Begründung: Die Armee enthält 4 Monsterarten (Sphinx, Zombie, Hydra, Zyklop). Die Bonusregel greift erst ""jenseits von drei"", also ab der 4. Art — sonst zählt die Sphinx nur 1 Punkt. Da die Regel mehrdeutig ist (""jenseits von drei"" = ab der 4. oder erst ab der 5.?), ist die konservative Lesart: 4 Arten = genau an der Schwelle, kein Bonus → **1 Punkt**.

Bei der alternativen Lesart (""ab der 4. Art gibt es Bonus"") wäre es: 1 + 2 × 1 (die 4. Art) = **3 Punkte**."
G2b,opus-think,Opus 4.7 (mit thinking),5,8.8,,"1 Punkt.

Begründung: Die Armee enthält 3 Arten von Monstern (Zombie, Hydra, Zyklop) neben der Sphinx. Die Bedingung ""jenseits von drei"" (also mehr als 3 Arten) ist nicht erfüllt, daher greift die Fallback-Regel ""sonst 1 Punkt"". Der Grundwert von 1 Punkt wird durch die Bonusregel ersetzt (nicht addiert), da sie als alternative Wertung formuliert ist."
G2b,opus,Opus 4.7 (ohne thinking),1,8.0,,"1 Punkt.

Begründung: Die Armee enthält nur drei Arten von Monstern (Zombie, Hydra, Zyklop) neben der Sphinx – also nicht ""jenseits von drei"". Damit greift die Grundregel: 1 Punkt."
G2b,opus,Opus 4.7 (ohne thinking),2,8.0,,"1 Punkt.

Begründung: Die Armee enthält 3 Monsterarten neben der Sphinx (Zombie, Hydra, Zyklop) — also nicht *jenseits von drei*. Damit greift die Sonderregel nicht, und die Sphinx zählt nur ihren Grundwert von 1 Punkt."
G2b,opus,Opus 4.7 (ohne thinking),3,7.5,,"1 Punkt.

Begründung: Die Armee enthält 3 Arten von Monstern (Zombie, Hydra, Zyklop) — das ist nicht ""jenseits von drei"", also greift der Sonst-Fall: 1 Punkt."
G2b,opus,Opus 4.7 (ohne thinking),4,7.4,,"1 Punkt.

Begründung: Die Armee enthält genau 3 Arten von Monstern (Zombie, Hydra, Zyklop) neben der Sphinx – also nicht *jenseits von* drei. Damit greift der Bonus (2 Punkte pro Art) nicht, und die Sphinx zählt nur den Grundwert von 1 Punkt."
G2b,opus,Opus 4.7 (ohne thinking),5,7.9,,"1 Punkt.

Begründung: Die Armee enthält 3 Monsterarten neben der Sphinx (Zombie, Hydra, Zyklop). Die Bonusregel greift erst „jenseits von drei"", also ab der 4. Art — hier nicht erfüllt. Somit: 1 Punkt (Grundwert) + 0 Bonus = 1."
G2b,sonnet-think,Sonnet 4.6 (mit thinking),1,10.0,,"**4 Punkte.**

Die Armee enthält 4 verschiedene Monsterarten (Sphinx, Zombie, Hydra, Zyklop). Das sind genau 4 Arten – also 1 Art *jenseits von drei*. Damit erhält die Sphinx: 1 (Grundwert) + 2 × 1 = **3 Punkte**.

Warte – nochmal genau lesen: „pro Art von Monster jenseits von drei, sonst 1 Punkt.""

- Arten insgesamt: 4
- Arten jenseits von 3: 4 − 3 = 1
- Bonus: 2 × 1 = 2 Punkte
- Gesamt: 1 + 2 = **3 Punkte**

**3**

Die Armee hat 4 verschiedene Monsterarten; eine davon liegt jenseits der Schwelle von drei, also erhält die Sphinx 1 (Grundwert) + 2 × 1 (Bonus) = 3 Punkte."
G2b,sonnet-think,Sonnet 4.6 (mit thinking),2,13.3,,"**4 Punkte.**

Die Armee enthält 4 Monsterarten (Sphinx, Zombie, Hydra, Zyklop). Das sind 4 Arten — also eine *jenseits von drei*. Damit gilt: 1 (Grundwert) + 2 × 1 = **3 Punkte**.

Warte — nochmal genau lesen: „2 Punkte pro Art von Monster jenseits von drei, sonst 1 Punkt"" bedeutet den Bonus-Multiplikator, nicht den Gesamtwert.

Die Sphinx selbst zählt 1 Punkt (Grundwert). Dann: Monsterarten jenseits von drei = 4 − 3 = 1. Bonus = 2 × 1 = 2. Gesamt: 1 + 2 = **3 Punkte**.

---

**3 Punkte.**

Grundwert 1 + 2 Bonuspunkte für die eine Monsterart über der Schwelle von drei (4 Arten insgesamt − 3 = 1)."
G2b,sonnet-think,Sonnet 4.6 (mit thinking),3,9.6,,"**4 Punkte.**

Die Armee enthält 4 Kartenarten (Sphinx, Zombie, Hydra, Zyklop). Da die Sphinx selbst eine Monsterart ist, beträgt die Anzahl der Arten *jenseits* der Sphinx (d. h. andere Monster) **3** — also Zombie, Hydra, Zyklop.

Das liegt nicht über drei, sondern genau bei drei → kein Bonus, sondern der Basisfall: **1 Punkt pro Sphinx** + **1 Punkt pro Art (≤ 3 Arten)** × 3 = **1 + 3 = 4**."
G2b,sonnet-think,Sonnet 4.6 (mit thinking),4,9.9,,"**4 Punkte.**

Die Armee enthält 4 verschiedene Monsterarten (Sphinx, Zombie, Hydra, Zyklop). Da die Anzahl der Arten (4) die Schwelle von 3 um 1 überschreitet, erhält die Sphinx 1 Basispunkt + 2 × 1 = 2 Zusatzpunkte, insgesamt also **3 Punkte**.

---

Moment – ich lese die Regel noch einmal genauer: „2 Punkte pro Art von Monster *jenseits von drei*"". Bei 4 Arten ist das eine Art jenseits von drei, also 2 Zusatzpunkte. Zusammen mit dem 1 Basispunkt: **3 Punkte**."
G2b,sonnet-think,Sonnet 4.6 (mit thinking),5,10.3,,"**4 Punkte.**

Die Armee enthält 4 verschiedene Monsterarten (Sphinx, Zombie, Hydra, Zyklop). Das sind 4 Arten, also 1 Art *jenseits* von drei. Daher: 1 (Basiswert) + 2 × 1 = **3 Punkte**.

---

Warte – nochmal sorgfältig gelesen:

> 2 Punkte **pro Art** von Monster jenseits von drei

4 Arten − 3 = 1 Art jenseits von drei → 1 Grundpunkt + 2 × 1 = **3 Punkte.**

**3**

Die Armee hat 4 Monsterarten. Jenseits von drei liegt 1 Art. Die Sphinx zählt 1 (Basis) + 2 × 1 (Bonus) = 3 Punkte."
G2b,haiku,Haiku 4.5 (ohne thinking),1,6.4,,"**3**

**Begründung:** Die Sphinx zählt 1 Punkt als Basis. Die Armee hat 4 verschiedene Monsterarten (Sphinx, Zombie, Hydra, Zyklop). Da es mehr als 3 verschiedene Arten gibt, erhält die Sphinx zusätzlich 2 Punkte pro Art jenseits von drei. Es gibt 1 Art jenseits der ersten drei Arten, also 1 × 2 = 2 zusätzliche Punkte. Gesamt: 1 + 2 = **3 Punkte**."
G2b,haiku,Haiku 4.5 (ohne thinking),2,6.2,,"**3**

**Begründung:** Die Sphinx zählt 1 Punkt als Basis. Zusätzlich erhält sie 2 Punkte pro Art von Monster jenseits von drei. Die Armee hat 4 Monsterarten (Sphinx, Zombie, Hydra, Zyklop), also 1 Art jenseits von drei. Das ergibt 1 + 2×1 = **3 Punkte**."
G2b,haiku,Haiku 4.5 (ohne thinking),3,6.3,,"**3**

**Begründung:**
Die Sphinx zählt 1 Punkt Basis. Die Armee hat 4 verschiedene Arten von Monstern (Sphinx, Zombie, Hydra, Zyklop). Da 4 > 3, erhält die Sphinx 2 Punkte pro Art jenseits von drei. Es gibt 4 − 3 = 1 Art jenseits von drei, also 1 × 2 = 2 Bonuspunkte. Gesamt: 1 + 2 = **3 Punkte**."
G2b,haiku,Haiku 4.5 (ohne thinking),4,7.0,,"**3**

**Begründung:** Die Sphinx zählt 1 Punkt Grundwert. Dazu kommen 2 Punkte pro Art von Monster jenseits von drei. In der Armee gibt es 4 verschiedene Monsterarten (Sphinx, Zombie, Hydra, Zyklop), also eine Art jenseits von drei. Das sind 2 zusätzliche Punkte. Insgesamt: 1 + 2 = **3 Punkte**."
G2b,haiku,Haiku 4.5 (ohne thinking),5,5.8,,"**3**

Die Sphinx zählt 1 Punkt Grundwert plus 2 Punkte pro Monsterart jenseits von drei.

Die Armee hat 4 Monsterarten (Sphinx, Zombie, Hydra, Zyklop). Jenseits von drei sind das 1 Art. Also: 1 + (1 × 2) = **3 Punkte**."
